{"data": {"mnist": {"densenet201": [0.0046000000000000485, 0.005600000000000049, 0.0049000000000000155, 0.0038000000000000256, 0.005099999999999993, 0.0041999999999999815, 0.0046000000000000485, 0.005099999999999993, 0.0050000000000000044, 0.0047000000000000375], "resnet18": [0.006099999999999994, 0.005299999999999971, 0.0049000000000000155, 0.005199999999999982, 0.005299999999999971, 0.005600000000000049, 0.00649999999999995, 0.005700000000000038, 0.0050000000000000044, 0.005199999999999982], "mobilenetv2": [0.0048000000000000265, 0.0044999999999999485, 0.005299999999999971, 0.005099999999999993, 0.0049000000000000155, 0.0049000000000000155, 0.0049000000000000155, 0.0049000000000000155, 0.0043999999999999595, 0.0046000000000000485], "resnet101": [0.008199999999999985, 0.007199999999999984, 0.00770000000000004, 0.007600000000000051, 0.008099999999999996, 0.008299999999999974, 0.006900000000000017, 0.00770000000000004, 0.008199999999999985, 0.006900000000000017], "densenet121": [0.006000000000000005, 0.0047000000000000375, 0.005900000000000016, 0.005199999999999982, 0.006099999999999994, 0.00539999999999996, 0.00539999999999996, 0.00660000000000005, 0.005800000000000027, 0.005499999999999949], "lenet": [0.005900000000000016, 0.005900000000000016, 0.00660000000000005, 0.00649999999999995, 0.006700000000000039, 0.007000000000000006, 0.006399999999999961, 0.006399999999999961, 0.006000000000000005, 0.00649999999999995], "vgg11": [0.006000000000000005, 0.006399999999999961, 0.00539999999999996, 0.005600000000000049, 0.005299999999999971, 0.006000000000000005, 0.006199999999999983, 0.005700000000000038, 0.005499999999999949, 0.005700000000000038], "vgg19": [0.0040000000000000036, 0.0047000000000000375, 0.0040000000000000036, 0.0044999999999999485, 0.0043999999999999595, 0.0049000000000000155, 0.005800000000000027, 0.0046000000000000485, 0.0049000000000000155, 0.0044999999999999485]}, "cifar10": {"densenet201": [0.20879999999999999, 0.1986, 0.20389999999999997, 0.20409999999999995, 0.2107, 0.20650000000000002, 0.19910000000000005, 0.2117, 0.2016, 0.19379999999999997], "resnet18": [0.12170000000000003, 0.11519999999999997, 0.12009999999999998, 0.11960000000000004, 0.12490000000000001, 0.12219999999999998, 0.12519999999999998, 0.12390000000000001, 0.11970000000000003, 0.11839999999999995], "mobilenetv2": [0.14649999999999996, 0.14529999999999998, 0.15249999999999997, 0.15080000000000005, 0.14580000000000004, 0.1481, 0.13749999999999996, 0.15610000000000002, 0.1452, 0.15949999999999998], "resnet101": [0.10340000000000005, 0.1079, 0.11209999999999998, 0.10999999999999999, 0.10209999999999997, 0.11029999999999995, 0.10250000000000004, 0.11160000000000003, 0.1018, 0.1099], "densenet121": [0.19569999999999999, 0.1975, 0.19220000000000004, 0.1987, 0.19610000000000005, 0.20899999999999996, 0.20309999999999995, 0.20330000000000004, 0.20489999999999997, 0.19510000000000005], "lenet": [0.359, 0.3649, 0.3617, 0.35929999999999995, 0.368, 0.37829999999999997, 0.3557, 0.35950000000000004, 0.35750000000000004, 0.3589], "vgg11": [0.17200000000000004, 0.16859999999999997, 0.16669999999999996, 0.1683, 0.16990000000000005, 0.1714, 0.16610000000000003, 0.16449999999999998, 0.16900000000000004, 0.1663], "vgg19": [0.1189, 0.11929999999999996, 0.1281, 0.12619999999999998, 0.12490000000000001, 0.12629999999999997, 0.12160000000000004, 0.127, 0.1271, 0.12180000000000002]}, "cifar100": {"densenet201": [0.47250000000000003, 0.47709999999999997, 0.48839999999999995, 0.4897, 0.47650000000000003, 0.4806, 0.5146999999999999, 0.4777, 0.48250000000000004, 0.5219], "resnet18": [0.4182, 0.42010000000000003, 0.4283, 0.41690000000000005, 0.4134, 0.4212, 0.4236, 0.42279999999999995, 0.41000000000000003, 0.41900000000000004], "mobilenetv2": [0.37529999999999997, 0.3772, 0.3883, 0.37970000000000004, 0.38139999999999996, 0.38570000000000004, 0.3839, 0.3772, 0.381, 0.3869], "resnet101": [0.43520000000000003, 0.42769999999999997, 0.4386, 0.4455, 0.43579999999999997, 0.4497, 0.45520000000000005, 0.4414, 0.43300000000000005, 0.45199999999999996], "densenet121": [0.4544, 0.4516, 0.4495, 0.45589999999999997, 0.4508, 0.4566, 0.45920000000000005, 0.4524, 0.4534, 0.45089999999999997], "lenet": [0.683, 0.6742, 0.677, 0.6786, 0.6869000000000001, 0.6783, 0.6711, 0.6735, 0.6728000000000001, 0.6815], "vgg11": [0.43300000000000005, 0.4366, 0.42989999999999995, 0.44420000000000004, 0.43000000000000005, 0.4417, 0.43889999999999996, 0.4353, 0.43210000000000004, 0.4367], "vgg19": [0.4154, 0.41790000000000005, 0.4184, 0.41600000000000004, 0.4163, 0.4121, 0.4102, 0.4175, 0.4174, 0.42079999999999995]}}, "datasets": ["mnist", "cifar10", "cifar100"], "models": ["lenet", "mobilenetv2", "vgg11", "vgg19", "densenet121", "densenet201", "resnet18", "resnet101"], "colors": {"densenet201": "#fdb462", "resnet18": "#b3de69", "mobilenetv2": "#d3d394", "resnet101": "#fccde5", "densenet121": "#80b1d3", "lenet": "#8dd3c7", "vgg11": "#bebada", "vgg19": "#fb8072"}}