{"data": {"mnist": {"densenet201": [0.005700000000000038, 0.005099999999999993, 0.005099999999999993, 0.005700000000000038, 0.005499999999999949, 0.005600000000000049, 0.0041999999999999815, 0.0046000000000000485, 0.005199999999999982, 0.0048000000000000265], "resnet18": [0.0040000000000000036, 0.0046000000000000485, 0.0040999999999999925, 0.0034999999999999476, 0.0043999999999999595, 0.0040999999999999925, 0.0040999999999999925, 0.0041999999999999815, 0.0039000000000000146, 0.0046000000000000485], "mobilenetv2": [0.005299999999999971, 0.0043999999999999595, 0.0040000000000000036, 0.0038000000000000256, 0.0041999999999999815, 0.0044999999999999485, 0.0041999999999999815, 0.005299999999999971, 0.0048000000000000265, 0.005099999999999993], "resnet101": [0.0042999999999999705, 0.0047000000000000375, 0.0043999999999999595, 0.0044999999999999485, 0.0039000000000000146, 0.0040999999999999925, 0.0040999999999999925, 0.0041999999999999815, 0.0047000000000000375, 0.0040999999999999925], "densenet121": [0.005199999999999982, 0.0050000000000000044, 0.005600000000000049, 0.0049000000000000155, 0.0050000000000000044, 0.005600000000000049, 0.0048000000000000265, 0.0047000000000000375, 0.0044999999999999485, 0.0041999999999999815], "lenet": [0.005700000000000038, 0.005900000000000016, 0.006399999999999961, 0.005800000000000027, 0.005199999999999982, 0.006099999999999994, 0.005099999999999993, 0.005700000000000038, 0.007600000000000051, 0.005199999999999982], "vgg11": [0.0037000000000000366, 0.0047000000000000375, 0.0031999999999999806, 0.0046000000000000485, 0.0039000000000000146, 0.00539999999999996, 0.0043999999999999595, 0.0048000000000000265, 0.0047000000000000375, 0.0046000000000000485], "vgg19": [0.0042999999999999705, 0.0037000000000000366, 0.0047000000000000375, 0.0039000000000000146, 0.0049000000000000155, 0.0042999999999999705, 0.0038000000000000256, 0.0049000000000000155, 0.0046000000000000485, 0.0048000000000000265]}, "cifar10": {"densenet201": [0.23609999999999998, 0.21909999999999996, 0.23519999999999996, 0.23229999999999995, 0.24219999999999997, 0.2389, 0.239, 0.2187, 0.23829999999999996, 0.23129999999999995], "resnet18": [0.1542, 0.15410000000000001, 0.15449999999999997, 0.15500000000000003, 0.15290000000000004, 0.1552, 0.15190000000000003, 0.15090000000000003, 0.15090000000000003, 0.15349999999999997], "mobilenetv2": [0.11419999999999997, 0.12160000000000004, 0.12119999999999997, 0.11750000000000005, 0.11550000000000005, 0.11760000000000004, 0.11960000000000004, 0.11909999999999998, 0.12, 0.11509999999999998], "resnet101": [0.1674, 0.16200000000000003, 0.15459999999999996, 0.1642, 0.1632, 0.16049999999999998, 0.1633, 0.16710000000000003, 0.1492, 0.15800000000000003], "densenet121": [0.2046, 0.2128, 0.20879999999999999, 0.21599999999999997, 0.22440000000000004, 0.22499999999999998, 0.20179999999999998, 0.2126, 0.2197, 0.20230000000000004], "lenet": [0.4072, 0.39559999999999995, 0.36529999999999996, 0.3889, 0.367, 0.40559999999999996, 0.3883, 0.372, 0.3761, 0.3809], "vgg11": [0.14059999999999995, 0.13539999999999996, 0.137, 0.1402, 0.14, 0.14600000000000002, 0.1452, 0.1401, 0.1421, 0.14190000000000003], "vgg19": [0.10970000000000002, 0.1078, 0.11529999999999996, 0.11270000000000002, 0.10999999999999999, 0.11280000000000001, 0.1058, 0.1099, 0.10629999999999995, 0.11050000000000004]}, "cifar100": {"densenet201": [0.5259, 0.5105, 0.49860000000000004, 0.5205, 0.5006999999999999, 0.5037, 0.5075000000000001, 0.5089, 0.4999, 0.4937], "resnet18": [0.40859999999999996, 0.4123, 0.41000000000000003, 0.40790000000000004, 0.4254, 0.41490000000000005, 0.40680000000000005, 0.4234, 0.4121, 0.42179999999999995], "mobilenetv2": [0.37429999999999997, 0.38070000000000004, 0.36960000000000004, 0.3778, 0.3722, 0.3853, 0.37970000000000004, 0.37970000000000004, 0.3758, 0.37629999999999997], "resnet101": [0.42979999999999996, 0.4302, 0.42800000000000005, 0.4324, 0.43089999999999995, 0.43879999999999997, 0.43810000000000004, 0.42979999999999996, 0.43079999999999996, 0.42900000000000005], "densenet121": [0.46509999999999996, 0.481, 0.4747, 0.47950000000000004, 0.4689, 0.48350000000000004, 0.4798, 0.4727, 0.47440000000000004, 0.4818], "lenet": [0.7462, 0.7542, 0.7482, 0.7412000000000001, 0.7418, 0.751, 0.7523, 0.7474000000000001, 0.7484, 0.7421], "vgg11": [0.4123, 0.4175, 0.4102, 0.41910000000000003, 0.41990000000000005, 0.41169999999999995, 0.40859999999999996, 0.41379999999999995, 0.4142, 0.4153], "vgg19": [0.3912, 0.40169999999999995, 0.38539999999999996, 0.39949999999999997, 0.3931, 0.39859999999999995, 0.383, 0.4023, 0.392, 0.40190000000000003]}}, "datasets": ["mnist", "cifar10", "cifar100"], "models": ["lenet", "mobilenetv2", "vgg11", "vgg19", "densenet121", "densenet201", "resnet18", "resnet101"], "colors": {"densenet201": "#fdb462", "resnet18": "#b3de69", "mobilenetv2": "#d3d394", "resnet101": "#fccde5", "densenet121": "#80b1d3", "lenet": "#8dd3c7", "vgg11": "#bebada", "vgg19": "#fb8072"}}